{"cameraMode":{"drawMode":0,"name":"Shaded","section":"Shading Mode"},"sceneLighting":true,"audioPlay":false,"sceneViewState":{"showFog":true,"showMaterialUpdate":true,"showSkybox":true,"showFlares":true,"showImageEffects":true,"showParticleSystems":true},"in2DMode":false,"pivot":{"x":-0.35798323154449465,"y":0.528681755065918,"z":-0.912109375},"rotation":{"x":0.7060445547103882,"y":-0.001062249531969428,"z":0.0010590676683932543,"w":0.7081658244132996},"size":3.6147496700286867,"orthographic":true}